{
  "loss": 0.2889404031965468,
  "accuracy": 0.8888888888888888,
  "precision": 1.0,
  "recall": 0.75,
  "f1": 0.8571428571428571,
  "roc_auc": 1.0
}