{
  "loss": 0.240727841589354,
  "accuracy": 0.9695431472081218,
  "precision": 0.8709677419354839,
  "recall": 0.9310344827586207,
  "f1": 0.9,
  "roc_auc": 0.9883004926108374
}